,YBR126C,YCR005C,YDL055C,YDR002W,YDR304C,YDR382W,YDR427W,YDR533C,YEL071W,YFR010W,YGL255W,YGR175C,YGR205W,YHR174W,YIL133C,YJL012C,YKL013C,YKL145W,YKL181W,YLR133W,YLR216C,YLR292C,YLR351C,YML085C,YML092C,YMR031C,YMR131C,YMR215W,YMR307W,YNL209W,YNL216W,YNL255C,YNL312W,YOR204W,YOR259C,YOR362C,YPL262W,YPR024W,YPR036W,YPR069C
WT,7.6762227905353075,3.5992186427258397,8.457459098928034,6.403806241078997,5.455798959194598,8.483485689533996,4.7490880325892375,6.238045589153396,7.612091163604411,3.5627955957750617,5.162048615725939,5.724591608751174,4.695633869906873,10.344485437658246,7.720956073985139,4.839960166762384,5.121218188754623,6.009579128684599,3.0581024588501773,4.9751399658998325,5.198136300274184,4.219860745824607,6.010634600749055,6.51259115733196,5.39588568412441,5.308769052497121,3.9605790996985695,4.905400534492278,7.347466163756042,8.41304474276772,4.525974001731246,2.779836971429736,5.237147014523441,6.467069046320312,4.705099637193762,6.1122219228962456,7.025441000880322,4.727392071243589,6.652176373232023,7.524397410449597
YAL017W,7.367281620140308,4.216550794997918,8.41027747820805,6.270616501686794,5.726742344678504,8.613228510895237,4.9820077129784055,6.325006013929558,8.250296030045327,3.9259906645440616,5.445681416595202,6.5782934234138475,4.655479476205639,9.885147641840778,6.821897221354963,5.263328097213866,5.036397530742739,6.203818782397809,3.800976644914996,4.826410279580452,5.1314546165077015,4.2067832744091085,5.802554972588488,6.74918973536115,5.243204040541607,4.9241514736866705,3.9933601734663253,4.72935413508287,7.234619610924463,8.385716269859687,4.334409110022701,3.3933026738022583,5.1148246003759965,6.518973566481602,4.80931985961397,6.1533916562257005,6.845798453494072,4.809239051717387,6.472836383991102,7.336000185394955
YAR018C,6.8832327063240495,4.186689637650582,8.638083264316244,6.482458684486475,6.818217405645554,8.729662300481738,5.169862749791198,6.387775619801793,8.19812509301662,3.348401567005168,4.7329000467293065,6.129298905648698,4.345822081915334,10.52176837023766,7.121230577608325,5.2694033859726135,5.486339541407576,6.127594228994704,3.8480471067631314,4.395062081406636,4.996596906077194,3.588136253591654,5.961248132821691,6.990458550598383,5.456899296945279,4.750485514081864,4.328108914668314,4.2019902990038505,7.150139915966602,8.112990281305862,4.4326695569196515,4.053719830515212,5.33331924814407,6.267930525413005,5.387013091511709,5.457376562185925,7.137919873847261,4.833542382158153,6.5299166319180015,7.615441625407957
YBL016W,6.823975147756545,5.003441812151342,8.498873075356006,7.046474475162437,6.439415453433055,8.713782133584349,5.023601709674834,6.0106924280308505,8.128455896637407,5.6427951533949505,4.991371584163508,6.2996474298582985,4.37385008193834,10.998290656119213,6.026216763118915,4.0595947748767545,5.500218061491761,5.933776523724606,4.185053101804327,3.976834690808415,4.07832467428117,5.483633403884609,6.118737220250049,6.905188323497652,5.546932661724149,5.808422640967892,4.9998439437704345,3.437561880789941,7.179360019483111,8.894999771981656,5.0209196047509055,4.233975378078924,5.100963541034816,5.530121856080491,5.128873876633309,5.5429839427862415,6.8973134809930885,3.983791678735361,6.497148237582038,7.43623432224558
YBL088C,6.94691972865563,4.694188256719797,8.504974421879982,6.807838555371117,6.892807436346599,8.71249875117357,4.657968094607706,5.888072679507212,7.962552662041714,3.433500300694853,4.683169706549276,5.618449346701613,4.40703337043834,10.674008619508207,7.2810543522990026,4.921113359372141,5.245832047844399,6.031851374240112,4.129669217537235,4.546225068041188,4.361701334014276,5.082127150411755,6.075389491213247,6.93746123780108,5.8118234109699705,4.796843234727844,4.36142146397885,4.513735622562528,6.887599500068671,8.308626471880993,4.177134061819825,3.853150412026747,5.017645432917906,6.009101958346883,5.2901721902175805,5.432071214275708,6.6751331841676835,4.333469052379469,6.1953596544033065,7.658644351058261
YBR028C,6.707138160151468,3.736730669179688,8.24099564783445,6.115678400976777,4.2633063813336936,8.644575317445932,4.582556436308106,5.628473870071791,8.06569247472,3.3576320646245783,6.5221991751453565,5.102746362620478,4.631223120768999,10.479216753786504,8.315046292005881,5.1094689744179504,4.616176895166441,5.860913059895459,3.1656294469509314,4.352624271652041,4.759004259179753,4.624775441691793,5.9593828464377685,5.868683726471772,5.006911931998987,4.70872844377636,4.071807664162375,4.422945410419112,7.127487478865312,8.620744464183062,4.314317767930461,3.7374106480984186,5.045512484388668,6.6118187551867535,4.7623304343643795,5.600853634915318,6.718094085279598,4.425550832306778,6.560556486516041,7.263951282556086
YBR059C,6.700506184012537,3.882693606917328,8.370564762994153,6.595470908812838,7.1861783794049465,9.421580479151206,4.04711299704075,6.793766511337871,7.909649082056206,2.4479252777524194,5.103566704451317,6.333966538366018,5.399061306474026,10.92125846568072,5.645277203222892,6.461701903198576,4.486953591196368,6.813008849960602,2.5950220982764094,4.983148642023647,6.270615038953324,5.389249463573114,6.501688187650973,7.372450412747213,5.763849541690856,5.591221683403739,4.417161660184147,6.0591951157256725,8.283084243186375,8.411207417520561,4.391014240573268,3.486487579763696,5.565071442997712,6.542014546362102,5.066238980738318,5.942804032709082,7.71888303598941,3.8990405712549774,6.839804174135533,7.769215568960695
YBR097W,7.2177388231885065,3.893418574162304,8.424527417077062,6.362441611981366,6.3898237296290885,8.516641673964534,4.767175366326162,7.4361442073851025,7.6898030832840885,3.6383611029754332,5.357868315922231,5.167688312033913,4.5060457838372034,9.647116196722934,7.487408582850497,4.348913429463548,5.232978520320861,5.727749393906438,3.5899041609403044,4.665546148516887,4.8072508147489685,4.771589714659993,6.169970276857409,7.109617421833821,5.4879657888351705,5.182823885799778,4.424904009117187,4.416166357091574,7.6167312060290895,8.115317276176537,4.4088868046557055,3.4322644856520306,4.821225039046891,6.799058458061754,4.857299546404214,5.371083835761956,6.791571665112191,4.60947385793996,6.477801498038338,7.535466953077332
YBR274W,7.085357580361102,3.782312671929053,8.54553288507549,5.886420620839553,4.662474529378444,8.40729514469368,4.645150202451499,6.259067829650662,8.107510308505262,4.007945399363823,5.374709629691537,5.755999107399963,4.423322418819433,10.255591643904962,7.7550667580253485,5.101533045573438,4.195099879818804,5.934697013191755,2.509227543343587,4.262244020387898,4.949954852448232,5.094464989245823,6.155617451658355,6.254937097897469,4.848857775685623,5.49270681439726,4.089416466019614,4.595021810721377,7.462734787399218,8.810873599918516,4.691026879403736,4.0212976234931235,5.463034794943444,7.0189873244080445,4.666722147115385,5.3971098313878665,6.939156292076096,4.7098897468695,6.314571530245024,7.0344376426060204
YCL024W,6.585195971034996,4.507580427507955,8.38421628915645,6.65459261901415,6.762199328461909,8.71967644207848,4.867440555802432,6.2764302569267985,8.471631257084635,3.6957901655846177,4.486312818038543,5.9933906157805374,4.975678872238129,10.67428194517851,7.361763052836577,5.495333913372432,5.1972177381453015,6.288383199648597,3.653518512908069,4.209396591570502,4.700390586662558,4.310456622307696,6.161108698387013,7.019380925232874,5.5215580654591445,4.955538712018599,4.346779178223924,4.360458540921529,6.974312867338103,8.07092337309425,4.606785524828135,4.117835722111548,4.894885481973244,6.5274137763282765,5.167967081231293,5.358242649920216,6.931834042055402,4.3194979518219485,6.316005100814867,7.567729487073008
YCR073C,7.4042699116783695,3.925408365548032,8.400191657689453,6.216157281983775,4.297495409297387,8.55656010599876,4.723088338068764,6.399136291890256,7.972905447730124,4.667712614029071,4.581323890593581,5.462967289948352,4.633324238601707,10.474274509265047,8.062574506377269,5.392874622896347,5.078839002202179,6.421085411568054,1.5381277507170386,5.210625615643256,5.206676409374512,5.399198614194572,5.941128032432735,6.2528248819816685,5.258473540910186,5.280975566440828,3.5158586048341243,4.665039865401647,7.273447808113763,8.479402735584532,4.819363304818541,3.074920929307452,5.573990963231656,6.7239402157905594,4.758403828089034,6.253937124130024,6.991802879458172,4.635372042811529,6.731223735974766,7.557234698485822
YDL025C,7.037336446053496,3.667622120091254,8.466133715633381,5.559037186309407,4.7685744582209155,8.646787996661718,4.371489314250084,5.905221896198411,7.951897423630787,3.8178352211382207,6.432957263390263,5.680988660089893,3.950634247786013,10.321169372806043,8.012642232306018,5.5086760956570116,4.5529573622156105,5.903321503966584,2.3116877994070077,4.498815093473475,4.834007377026109,5.129130926542791,6.186219990551651,5.9934376869212524,4.878375313268407,5.1162652587054485,4.124443734774414,4.540386768526977,7.530639077134258,8.759017814382991,4.649524265809536,3.9481729020494662,5.410653989088456,6.73512702988325,3.4675946832814164,5.2405885141804935,6.866262103195669,4.781394261103934,6.439791932590161,7.093451661966473
YDL079C,7.338060979338932,3.997787224367592,8.33192975957194,6.452834753431313,5.7565874224864295,8.021526448231983,4.769519372946849,5.71937536496716,7.9361736221740875,3.6055453996544338,5.45759907220148,4.9448210083979,4.6124493480611966,10.547825470682724,7.884021408894467,5.163450497030159,4.943146514351258,5.927087917838809,2.9733345469530645,4.995786292628899,4.925250627650969,4.7594354282263005,6.002336997498943,6.544298774704914,5.402217202289384,5.3708590314591245,3.860640794165011,4.589589304548244,7.1383095997501025,8.325919722794287,4.568976913812309,2.5747057403457796,5.135690662182955,6.6180153411188005,4.9849811094875065,6.0085714465661875,6.742580598608076,4.677969618430347,6.621879344722817,7.745211812464862
YDL159W,6.987963006641344,5.019657025517156,8.331970951783184,6.1511364581743475,5.8660308513833295,8.664254614121662,4.808943119108321,6.1481364890743855,8.775427857865994,4.511355692573964,5.699136661208942,6.612493923911015,5.056861716926208,10.272390379192275,7.6283432693854865,4.9959263914308165,4.978526768182558,6.242713942347388,3.4975519103737835,4.470047312520687,5.078137253784059,4.420306722288866,5.911521911059282,6.7564025883595455,5.509449539003144,4.9892471934519245,4.074287624299656,4.488766729575434,7.0381715517071335,8.439609815875718,4.450967606232288,3.2619862827912107,4.961873211156309,6.499057106888762,4.830640189070176,6.078553355370582,6.9960804707942446,4.912158689220464,6.356496663029107,7.485889730123169
YDL214C,6.7890578474530665,3.9801203949809416,8.381726626340955,6.271039911941433,5.715078529996332,8.541691613355468,4.443874858400493,5.92335299218961,8.234560809658806,3.705246787082469,6.045956317641183,4.801416794150897,4.268595808109192,10.66196163010916,7.894982179630571,5.29438997975369,4.497159280374271,6.279780295007293,2.7298658155975195,5.013655159444329,4.979085368007269,4.294806531300116,6.033521102938689,6.471774221189687,5.537376835711403,4.817695602530406,3.843488756464121,4.52922872262401,7.0747277032924805,8.329814933756348,4.124035112997522,3.0557892670206113,5.1306453492638635,6.734644262200545,4.7680168687937785,6.092592224913975,7.9451918086754425,4.586251755564287,6.602362911936675,7.85753244835767
YDR122W,6.453957884686584,4.8735481856374605,8.351039438236196,6.636014171358728,6.5471674230495855,8.845475617933383,5.0755565462103425,6.220690323539762,8.431852155657232,3.740635842634938,4.820783733585698,5.7480821294378925,4.316304725619556,10.549622208789977,7.4918177999778575,5.549439301284477,5.418153186776069,6.397072278108965,3.7348298264473683,4.369815118586291,4.920650435573168,4.400273455537604,6.0697981745633935,6.897255009985763,5.403917121215593,4.782622071599033,4.4642891426944855,4.241411209246779,6.943086574578032,8.153758013936889,4.630976605086048,3.983520355109561,4.8445362035350445,6.569088692135806,5.170456926215858,5.306040139625123,7.089469370835983,4.455633298083306,6.5380641311950365,7.687476776589943
YDR247W,6.853487803415997,4.66494452508295,8.354798479947512,6.413004883963794,6.509779578543937,8.43413331919999,4.717137005886705,5.958958901490432,8.191008513839378,4.399955932856409,5.218312786012255,5.5697774396462485,4.4561829473835015,10.82432024003585,7.044498687640232,5.373930988110905,4.953038789305238,6.248297650582418,3.9960703281684213,4.426616897357006,4.721733460780524,4.682992883160615,6.3101818692652305,6.786635038938576,5.639246342545439,4.856330300591092,4.241913885763768,4.504605761412944,6.296704040004585,8.415619047570555,4.055725705728293,2.9043519069973667,4.944329525653106,6.498953488877975,4.993258989234254,5.975302465674957,7.157788748010327,4.4535410734854,6.3038685596997714,7.670183026790379
YDR283C,6.697199287295632,3.714215302654746,8.195998330838059,6.479368768086921,5.738356616425022,8.817757373292611,5.160035067138393,6.032788131357437,8.134927263620614,4.092028120569719,6.064034255553574,5.9738605087991274,4.162069820258277,10.973494330792143,7.400717990561232,5.673086783020191,4.8824381247478605,6.16309370358082,2.8559162621324314,4.4489453161607875,4.705201060340783,4.844674090634574,6.006874761951663,6.446794154228411,5.276232960901766,5.065762723663252,4.195282863796197,4.130188355382226,6.924265403861318,8.395765380902981,4.05486615764673,3.6295475214819657,4.920310093233828,6.550064300329843,5.0453382497674575,5.6934334330032685,6.894522663300951,4.800486431158512,6.781376143942811,7.648363459833655
YDR466W,7.325598693801483,4.057626300555398,8.344857895094862,6.283431113239286,6.755782621378112,9.131017264878762,5.030911119580722,6.2494268422395765,7.733683951216781,3.922326531661176,4.566535585676491,5.470592138727076,5.074308984426239,10.990019527907483,6.699805402006283,4.791219256344434,5.471216595681028,6.628272532872058,3.5011405185358964,5.29035676359156,5.317374678670758,5.1782702819143065,6.136348682734576,7.375551586915733,5.625205844028999,5.1490881786523035,4.115729701036615,5.3324660392468335,7.6107937930985745,8.213940954823698,4.726087707164067,2.972036193827819,5.441682232620538,6.396800424676982,4.917356871586418,6.2102974772158825,7.3738261835393315,4.365503784348285,6.732468934694525,7.81203187088711
YDR477W,6.607743213767821,4.230253941821221,8.373787369270499,5.995402749042668,4.630750853080743,8.741688871643658,5.047138621448932,5.596553416328621,8.355478052136002,4.302154898614739,4.946838621534349,6.899561193137249,4.6203705796762335,10.761199518733713,8.028841964527727,3.5907680149029693,4.714852646488895,5.938119097124509,1.9460906994888336,4.442885018771613,4.705199447108116,4.976625713727492,6.001636962914463,6.074203357517936,4.974023233756596,5.191705764519754,4.0257744415425645,4.5328591434685945,7.254687975436728,8.453037541548861,4.375506860225413,3.818523261349675,5.204656773948043,6.5866232926165535,5.072885221925586,5.3590194659055275,6.7324270814723075,4.845364425779491,6.653752931809662,7.221618149950035
YDR490C,6.861635410893254,4.3650143231983085,8.394552297550442,6.716805688801617,6.685282844396576,8.717846210873736,5.071321525329238,6.447241198574539,8.13247748602536,4.163898822808247,4.317007848747523,6.189120620967418,4.888471199557679,10.299564387463997,7.120902553933947,4.851851568107199,5.4201024887402856,6.140212733961022,4.11039329483431,4.140434074677203,4.819288278240975,4.530681687699675,6.050029556777991,6.896863912237787,5.640642817641253,5.347335715422323,4.4723261319938565,4.564186652739943,7.160870808993727,8.185244740717069,4.3742553753948235,3.9785270646845032,5.318178531453781,6.432182995999353,5.235794904930447,5.189100299556167,7.031515241367639,4.502613066812068,6.567422421703912,7.566921895468707
YDR523C,7.036015162168104,4.838388085492854,8.423220716491352,6.449208005735773,6.357433816130063,8.770316943315423,4.872633327558899,6.190988506612303,8.413348764760848,5.773060206987273,4.946874015770644,6.4688410963067815,4.909483604658142,10.317398034031957,7.358043140290214,5.136581269603509,5.167118193283259,6.279335515570352,3.2433901365496736,4.2932713828977205,5.042826814209133,4.660410992303905,6.1034727126974415,7.063524960633643,5.711860488134064,5.401488611845803,4.214875343263752,4.260851130243924,6.915262740873659,8.268344815349367,4.6830609634221885,3.7903446200696433,5.078898004243794,6.469134434506497,5.5470164133166895,5.547638197159836,7.111784884319272,4.765077555090763,6.5939161818291225,7.460366434565987
YER129W,7.3367421280318466,4.502570711494831,8.156140758874129,6.194286312138599,4.233095258087092,8.432625361146172,4.787920207816772,6.168579033132395,8.260349792448459,4.375802726980071,4.549739926150044,5.634676922168531,4.5350264649444565,10.802982648636348,8.029690303183777,5.1116714033343085,4.85979301163166,6.349762311170281,1.828046669759409,5.1986091842704525,5.2474238138582905,5.395619137701862,6.252651556395742,6.4802564867926415,5.4108705851333845,5.510139174048412,3.8592047920228376,4.889597773044934,7.406521068948983,8.473933079201911,4.958022432483093,3.3808445142497114,5.515178796205257,6.871119423655532,4.766313648837845,6.17204649723478,7.026139079459068,4.681634286775738,6.69752805502829,7.180075353041853
YFL033C,6.683583446726385,3.9718743123788927,8.547668442181344,6.463583836063994,5.5538335400556935,8.44890327151932,4.786775093777488,5.810486981697407,8.031854880377946,3.941944637115496,5.472943097203103,5.6593650897265375,4.62999705652307,10.669104541403305,7.630618126079079,5.412536279207228,4.690893340198912,6.594811697227706,3.3335997219117712,4.618828531866472,4.6654919300087805,5.121863196304763,6.075770282677972,6.672786272809794,5.415079912097486,5.4328335659661295,4.138974529406866,4.406213947433644,7.284630571128683,8.372500917660034,4.544177898492161,3.8600483246555615,5.0773675386696215,6.609150844887321,5.052349872675814,5.0034459096507415,6.689162488351336,4.7902090927148375,6.513669537177732,7.671198929743376
YFR014C,7.16868288073554,4.195820965456816,8.479617719776376,6.310636956893205,5.945990272384268,8.506050362134543,4.128845470964001,6.027458176000133,8.212930221689177,4.156250159033879,5.0838038685392215,5.59738643214675,4.132630843238768,10.35656603290253,7.674555620870353,5.375091444412719,4.805772329730517,6.2775582365442375,3.795218324820589,4.448130914757168,5.130263377142992,4.786534023742858,6.2222985287666885,6.6281776403664825,5.303094344150463,4.5789544101427975,4.309491624605525,4.563908297488736,7.276684248839548,8.207064516300296,4.439810139196876,3.1942888166352783,5.270960735279359,6.798426207902643,4.043607737337164,5.842187401464063,7.027277650249832,4.22976755289453,6.3432507366497015,7.393578291194264
YGL021W,7.608770013561957,4.231925587379459,8.320790150536531,6.631234519299959,6.420697800968442,8.270881900990709,4.766177248607201,6.19662034784929,7.919856458801802,4.223881086906316,4.814852542781268,5.02225920399474,4.7658918857648045,10.395338299357617,7.353118670937788,4.788618121748361,5.163922279445082,6.159828610895548,3.9340798663169294,5.0770779953812255,5.151563113785648,4.8748577359324266,6.101884560475584,7.188916360032752,5.522706745621231,5.086963846152381,4.330301021521354,4.860210266323851,7.361239194029466,7.94634670074427,4.697974877606877,3.54001565142633,5.062488636779363,6.336546783674853,4.676087308073767,5.9786277893997335,7.0774952918357075,4.319190122954741,6.47235833161296,7.580675485079587
YGL083W,6.8713328880052265,4.337715998691712,8.214160044387,6.4312089521032245,6.217847696859084,8.392203538809131,4.428661156007707,5.828110760143025,8.085997648743888,4.278220588337392,5.060464821698371,5.598337748143831,3.8211476646363263,10.569951571205813,7.19142946471037,5.330440470006233,4.990134317715818,6.283943136550831,3.723499444295088,4.621338319844531,5.126101393229753,5.0708897591837685,6.1713370588524805,6.86356185623277,5.370472994857078,4.591116993181913,3.75524499808402,4.367342953599319,7.11644940411135,8.255323433634127,4.409404814949643,3.398534412212053,5.2335226091831775,6.5468316805787135,4.594286324728262,5.391436575766744,6.944612866209764,4.376589426755141,6.461329774202271,7.6477948490789665
YGL119W,7.023637069359503,4.322629710316217,8.459034109324564,6.648975451417488,6.273214759074957,8.184803697495465,4.837650567438659,6.09061616912655,8.1513628807795,4.02130212988775,3.7379578522223835,5.305428157002672,4.962399117430564,10.66293489971825,7.49256813259212,5.377912940203209,5.087089368395799,6.170344159989659,3.627239687092716,4.223115460702998,4.740495834909782,5.121050926458428,6.175537864095981,6.997390915601977,5.529792470029829,5.560405050656882,4.207042611877776,4.571310966050195,7.033934682145517,8.3607679977155,4.631085493665727,3.7905524885823216,5.147598852990873,6.516914494367436,5.146102469428717,5.111637541212577,6.838319448076111,4.558779716206384,6.592809284855473,7.610326305766745
YGL158W,6.7512059067531345,4.2346883709497645,8.287878015651897,6.498929952867672,5.4039140267607655,8.663283196464478,5.142922372340965,5.613925187234075,8.185933233329882,4.3138122633599565,6.030489968874978,6.146413844538103,4.3756140646450765,10.161767916031556,7.8489573537498725,5.669349340677545,5.012504156440767,6.115088632913207,1.850061062265884,4.5619179721911625,4.880356680672404,4.970084008285725,6.111190950204867,6.287894996254362,4.630798337766091,5.121625003752573,4.060006214058691,4.346552764483678,7.0347388180261685,8.41978919628852,4.2145881063661,3.525026122881964,5.103041307114039,6.638321680009017,4.545344713235371,5.8637804717881075,6.966128363523994,5.026997617636502,6.792393425912317,7.349184476323841
YGL179C,6.693061700832952,4.202681003009367,8.373537787233705,6.68714673361959,6.42155915448666,8.290075184693919,4.581197742218304,6.3510111251692685,8.112668373758702,4.397897066478409,5.133493517903133,5.305826137909358,4.5721870415770915,10.558480005362684,7.549492465268233,4.9331480067445455,5.0396531198266485,5.938371959078461,3.669111459013752,4.065520034651128,4.6718920114194455,5.0312429806373755,6.0376898577301965,6.927216126290352,5.446397575708359,5.335362323511711,4.413223030545772,4.081898518436016,7.0981485791260175,8.403730150877639,4.467046996437843,3.781912163281042,5.155674304749553,6.539762472696222,5.15178246432671,5.085440900102961,6.807176563235612,4.780182788937196,6.454884743952791,7.4911753508020995
YGL180W,6.774090325339531,4.021370799699263,8.606702928202697,6.746895931592582,6.335725223611902,8.622632419088035,4.869672570300542,5.919095026204253,8.09913569390127,3.6859220532504304,4.655891777178296,5.107312342637681,4.658317916852972,10.525692710747574,7.128008877962802,4.743448120427717,5.167300902526407,6.194947651324076,3.2599805936807025,4.276145717474751,5.019997345977063,4.255716794374757,5.627317392821501,6.886577537744027,5.5403077275910615,5.2747332768635635,4.080403305927845,3.9350666036555566,7.355388139199903,8.466864789384655,4.200078668013813,4.039346741222815,5.022612745393693,6.3770305059071335,5.092200103416274,5.7666077503906426,6.865249824112755,4.7170916126159765,6.494247301150048,7.300546744250842
YGR040W,7.1504655111648185,4.382306092053439,8.6519522561911,6.1992347076098975,5.508886128711811,8.747870481608237,4.479150556627432,6.172325054907796,8.012462939596123,5.206330287280118,4.922213454060106,5.502089458665897,4.556306144558001,10.032940069540366,7.496633486176647,5.048621567105809,4.9173400680466655,6.21914834573493,3.637320382475982,4.409622938318218,4.660579043171858,4.77438622525,6.301390112918153,6.97632676901017,5.508112167342417,5.36255223545061,4.398102720360946,4.607595454185562,7.365501047098823,8.366873392152874,4.565689627081935,4.111386029687214,5.217215103494535,6.71675774620419,5.087840793976274,5.31787273439104,6.999643643014696,4.791100769990846,6.310442041673938,7.347892908925787
YGR052W,6.6765773610472845,5.196273552504475,8.470822874780769,7.1518740688988425,7.06840442120496,8.82048254397264,4.660174401882263,5.762261992818615,8.04131214172276,3.8589188889012496,5.219773825621519,5.877356364864219,4.571849359804245,11.00341388965363,6.862460352432254,5.399690156713663,5.707725780865602,6.487932646244893,4.508717079304322,3.7731320446000782,4.571371872448467,5.400153559681781,5.950223966525191,7.097871026621799,5.711312269280492,4.927346828288716,4.841036872248377,3.7440887563144982,6.975725433729508,8.447705118594909,4.753111648048122,4.308355539210133,5.305097062041159,5.297513651080355,5.2450691664308415,4.76647863610363,6.994570416681576,4.2002335229591665,6.4408177456003655,7.738370858014675
YGR092W,7.427270105086068,3.645591683594525,8.47445521859137,6.2969927786583755,6.162984018531003,8.461567001490787,4.896406591405979,6.265455582809405,7.8600539235954,3.923289250395048,4.679769666049892,4.948129404482688,4.583692994621839,10.77752309719886,7.830446102996495,5.589374211293002,5.2654747983240755,6.191731883541754,3.6288160154549223,4.950494344609637,5.021994540706778,4.592607120634323,5.98408305727388,6.86497620526746,5.521712663048883,5.3739630394207945,4.130672422836014,4.75099930620754,7.343962479814112,8.369765825777153,4.469167702126679,3.1253032737100552,5.112762458458168,6.700509455372143,4.860320789914675,5.591837556379155,6.8767436656384335,4.790759875114964,6.5652366113214295,7.58207816950383
YGR188C,7.244261034964877,4.712760772759707,8.452910955096183,6.350132271752861,6.294143880798585,8.649455207805932,5.100157980026523,6.299959463744242,8.019182984067793,3.1247435868161486,4.697093899982908,5.2854638031642365,4.753536896010336,10.501217823750581,7.612852778852267,4.987506610242656,5.281285503302162,6.463151433844316,3.269209716432339,4.862267925028674,5.082193012194193,4.5611299743393605,6.032698150035754,7.11515350259238,5.717620695544308,5.327095172662042,4.095920335521531,4.77926828459266,7.0465956663566125,8.227989706096782,4.440699076081594,3.545296378774893,5.006969972176448,6.605499970399518,4.951499480705111,6.016837935236615,6.823221060814272,4.123883805628736,6.374499581833423,7.8372576182822895
YHL007C,6.416054968882908,4.330403802320865,8.638904475729264,6.282065664006858,6.068684437816919,8.994249318935,5.161125623733379,6.058295551900313,8.753048001779609,3.4685283289243483,5.317227775346403,5.428822169144274,4.727174251729737,10.437309315045557,6.939438654666677,3.151005598959314,5.15256282801776,6.017584957268058,3.718610320658998,4.8806354036836606,4.775346857086246,2.785854986240037,5.643190306725487,6.918546412085698,5.772231236924004,5.0728291554100275,4.346155485218132,4.327565795513147,6.9248879722120975,8.560834295731636,2.5996462104794915,3.996376869916368,4.739249847956017,6.437062904113962,5.0438920863699455,5.750380285732503,6.83404889252358,4.606666620435076,6.533279115543483,7.631521577176013
YHR030C,6.7626850690512015,4.9407424824482735,8.74785194420012,6.551898810163259,6.3988160362326205,8.569289601003586,4.181406680374306,5.985979124230474,8.716617850503027,5.729425098055402,4.627811333507351,6.516039160002878,5.287847859166542,10.750205523671804,7.4692721338965375,5.204749541887958,4.468748883864344,6.1914647590835825,3.4090724769307794,4.30904660528529,4.935172181496123,5.159037526460403,6.286082897794842,7.213033253857878,5.78108074444784,5.224757763763269,4.448082040901988,4.1860406103083845,7.011022402679844,8.396127268105264,4.453568611093368,3.5845267873264133,5.239322246474803,6.8272388497908105,5.2560758335042586,5.622668634009906,7.050958216215106,4.350572958276404,6.485590180274402,7.3563282651609425
YHR079C,6.7647204338104245,3.905841317021033,8.496833084553538,6.636639525916044,6.449553614554504,8.51051698688851,4.63629639422383,6.5610662223465885,8.143086270192995,3.963811084353351,4.8984218928413865,5.981312992737003,4.212788697892431,10.370505934903713,6.989069396858162,5.050165921336761,5.063329093485372,5.877770617041644,3.754780348225084,4.0424023031395855,4.631995706593645,4.583924619724546,6.1070813918999445,6.950856115953427,5.516026056481284,4.913258632369455,4.469556916907174,3.7952392179442613,7.248798745049176,8.220821637673088,4.001813878255393,4.10392878149754,5.242328994277983,6.312431882544148,5.0518621640323484,5.057598695056994,7.0922262951510575,4.537769504534887,6.01141013114945,7.552142360721655
YHR082C,5.9505513426811465,3.836678844691472,8.611090875494126,6.520479335932128,6.600524566154702,8.891436215952877,5.220973538339667,6.2529922811954695,8.580154316998192,3.3386552609466915,5.563193472854394,5.615691026181308,4.5572457706148475,10.635379990272114,6.638439682675624,4.391540414969628,5.393276990709939,5.858149853908127,3.535534187631424,4.09680873982588,4.774762886734209,3.304951943093931,6.019056167790698,7.166212588870468,5.568958247260295,4.832474448307998,4.172857592105745,3.838481946228081,6.794121945407307,8.363473277451023,2.9919496065945643,3.8782168646782935,4.555655994805202,6.349899573080225,5.375504787868394,5.1029712020778435,6.907430276466073,4.300641701798716,6.494246164528482,7.708619885632326
YHR135C,7.12520863584579,4.565005112537162,8.548211432257197,6.209833277950982,5.933463259087994,8.85444794101711,4.825136257085312,6.1773694611459735,8.630794982431409,3.7503416456775187,5.025032367817068,5.7828222045843924,5.182864734348263,10.086812102009604,7.477218083631786,5.211750766577574,4.850743249468146,6.184526394743247,3.706121879887103,5.069446762862486,4.869656761521816,4.628646028432964,5.98465471787522,6.844438300895938,5.7419107248042165,4.898305824236411,4.399214381688424,4.653543618382088,7.000944966269499,8.629860392005119,4.350886919990823,3.697879795584152,4.398513462300794,6.664515619690494,5.0459878626911525,5.925452500124033,6.9182666923660765,4.636156604770657,6.3388598567094725,7.410594794251332
YIL035C,6.736585822871952,3.946599668564682,8.713356377324526,6.788680666252785,6.033730973416254,8.34586416143439,4.283662532185279,6.136184026968834,8.088103393361548,4.1113155548410685,4.9187326602991766,5.645779346361644,4.5390557919216175,10.356940859931832,6.9085570875602125,5.1856488806420185,5.027594170472722,6.127232442797849,4.093310314986631,4.0516153016025935,4.688663448778371,4.729113085890159,6.226662016158155,6.828512877196852,5.316378344379383,5.300375124589499,4.530652679350155,3.4944217137818856,7.126121918700429,8.480799743791277,4.540648694415485,3.963194348274585,5.231037197143218,6.561215618219987,4.915405971547154,5.333579555608655,7.115404979880103,4.470369638998561,6.379736244040871,7.38857725739904
YIL042C,6.051749057531732,3.8791835553479665,8.745952982924415,6.552035854808947,5.9958345665569945,8.647673369786116,4.822354650653303,6.386864828605139,8.469689516224545,3.886795308214048,5.557347688468809,4.653933174900581,4.595367458907954,10.236413872686065,6.795455487628808,3.8097151161590936,5.053114343494308,5.991956364597378,3.9221365501634327,4.291744620866703,4.692355871478454,3.7635288424152185,5.905378948470575,6.744870103357017,5.5419563690718245,5.106593940458271,4.304264088673701,3.930647790449531,6.7792944891054026,8.520230531276333,4.003579319173096,3.955653886014015,4.966599830209806,6.484396398846487,5.116928249272251,5.044321310033141,6.916467329963032,4.323506563932764,6.292143060684066,7.336347471138297
YIL095W,6.628748321091447,4.733137821082608,8.27998881769394,6.642446460323968,6.367909903179362,8.085938139988063,4.602037221349691,6.223012426725641,8.289631142868473,4.33564782657937,5.386209877366045,5.696011667975202,4.284652019156893,10.791741815308598,7.289679956035035,5.4718466483801445,5.407147338888697,6.304314407640892,4.175402608531947,3.935997558054849,4.9306784243525925,4.901650999473251,6.235985760094173,6.964960221414643,5.552736052102162,4.547588603542642,4.6387289429979015,3.9556519026303913,6.59497465136122,8.492577033270022,4.242758330000809,3.9782029672309753,5.057447093444432,6.553238438514548,5.215996849828875,5.7490178334010436,6.879852563286483,4.344390806618117,6.5346773636429765,7.807726598805884
YJL057C,6.869972141569983,3.5510030554038083,8.63373519315765,6.553924236496957,4.418399954921699,8.140153663069626,3.1477287628154333,6.2603676779820185,7.9763672312348195,4.3365446103689855,4.525575834590795,5.725110513443199,4.655166091645982,10.55972316050857,7.97558961261428,4.9524586590646775,4.759525401577767,5.925797491642571,3.3292009322234732,4.044857024665866,4.936626049319866,5.262838375915376,6.082840019107777,6.339291658088407,5.225202247443704,5.3968012117755855,4.177493692271672,4.000092951140834,7.200138408591963,8.626418154745918,4.493701013306173,3.91373634589966,5.4314994621844415,6.833491001803341,4.635732999608631,4.984595947158017,6.929601222449204,4.593582010858067,6.379889289368408,7.123020325034148
YJL095W,7.414545135715658,4.716807882203484,8.547196405756576,5.990929941980776,5.700025878848027,8.606883068634259,4.473211784427457,6.0698777556131125,7.981838275658574,3.4850246621261083,5.009807067766223,5.461060713288691,4.738558170008597,10.284948083813996,7.7974753695639825,4.937230740776465,4.228057740866147,6.157647963944421,3.820037873469296,5.1563649792682025,4.685796524723727,4.587062689482593,5.789543366558855,6.5921896970302925,5.375875443329586,5.4450947079145005,4.120084071764508,4.74113055816755,7.249825549465977,8.433548359966528,4.532922999537305,3.7970871383618467,5.1414414884757536,6.562852634524796,4.861309569048448,5.890128202207241,6.95360547880741,4.675988935265693,6.581795185814794,7.526559378004197
YJL106W,6.358460512709699,3.921744276251467,8.526795026688704,6.379973267493099,6.658287458677461,8.554210401104857,4.8646660910173605,5.778569762997376,8.148264542853381,4.0311166614764105,5.306288442562176,5.3510670330204135,4.417641990308368,10.936948398943544,7.267785590836204,5.401973867382607,5.057938122099925,6.274948219180577,3.9796315482480535,4.238785022695452,4.6270328068705044,5.029106878141079,6.132431943887367,6.979569116703561,5.448966418997083,4.846473469980778,4.491300557479233,4.403126289565879,7.037876968805647,8.504202510141699,4.442350265939166,3.636859530512041,5.220933495387476,6.47315925728601,5.087046088379134,5.028631686985926,7.073661955046513,4.565708405739055,6.393175876411037,7.833418401340214
YJL128C,6.892018814990353,4.0742886022672735,8.284576565089132,6.420676176754848,5.979946917962628,8.52700459305651,4.8999724227518735,6.340187772876719,8.240381345915432,4.405144024525887,5.5869490544249105,5.503078107857656,4.722116735575963,10.342746254070665,7.6590843594408025,5.175000597051348,5.116187485459653,6.207257693794028,3.6618337925704014,4.782369299246662,5.000534847578112,4.817297260995682,6.057423261663803,6.855602016189798,5.382010693730916,5.333058047756866,4.315793547900057,4.2564803735461965,6.795467908615462,8.215638565744914,4.4349389027309005,3.5664384156007225,5.134187384185989,6.474399439651008,5.0687097799935525,5.769819034862782,6.982565251134006,4.787939453540397,6.604396588151554,7.616973083879957
YJL141C,7.363280305612112,3.3637548097782566,8.416842917491248,6.293884941580987,6.367082434003142,8.564227727792273,4.8035867378025685,5.831132459546293,7.610924546593251,3.6765534615711677,6.400986575423633,5.637772474472245,4.96565204564086,10.307643550215467,7.454461211181212,5.185983351084804,5.276172654526746,5.875933132123202,2.9076879735072945,4.2924276830287615,4.720494024153133,4.826059881418293,5.986364410103427,6.848881850090133,5.354573824499408,5.269787813137309,4.296639521295428,4.553803326212138,7.167202996055218,8.306123017729726,4.586505468322616,3.304609068407947,5.075344907172059,6.417369185768258,5.155015504645153,5.419264787544939,6.90540556576896,4.877744084973124,6.5413870256344735,7.954107652953607
YJL164C,6.347341607328997,3.9647220079561363,8.416306518181454,6.553220933459612,6.2110852278298605,8.751976547811216,4.901033749209197,6.2794549708379765,8.30992436983457,3.558842351998726,4.657640407431434,5.295068590338955,4.5832624422748,10.456286404670836,6.989247608374357,3.734615051563417,5.2170209380350965,6.094751781271738,3.9860443697203314,4.210100116536257,4.769104548266255,4.283434982590128,5.740316585394098,6.659885370342406,5.551918992614977,5.172322724418222,4.417430944477081,4.075528416915522,6.823836694283732,8.4170663684227,4.006659653586579,4.047441413768775,4.771101365161584,6.417803828612291,5.1527145122706015,4.543698387035577,6.805882670922494,4.750848119329938,6.287323445959622,7.558842531955122
YJL165C,7.092685664080948,4.4327295939853455,8.149184137417365,6.5038838093696345,6.314490769966131,8.381569526877241,4.659470578118617,6.030486422950407,8.224033971901989,4.433591016912452,4.930451422816759,5.3504650187842415,4.343158134676706,10.740788175028053,7.6118033461715715,5.372567727804902,5.089559124494769,6.355490645238251,4.113603739236192,4.696891003301314,4.886641904974013,5.104907575780031,6.1864475046841525,6.9850783234719716,5.567082419495807,4.571819741523023,4.423998164287537,4.8441581340753235,7.28929278752685,8.102287393007561,4.657037496848012,3.264501626242855,5.1678689159396205,6.480112900426109,4.709906451481633,6.007277708984383,7.159165686249684,4.5214032191487465,6.457868936898406,7.572688731444725
YJL187C,7.44960262609856,3.9429960915035647,8.457476623621536,6.480355916929178,6.569094373929732,8.516939477961396,4.777726453309959,6.038153631150628,7.8586205754313125,3.015469269354635,4.6583659760165,5.469413857201637,4.382123190930714,10.537626880385599,7.561660160043973,5.24779233514159,5.246995466439248,6.268508676315436,4.241815371880032,5.179720037484817,5.155870136439093,4.5778421226031725,6.195956903569343,7.21653325691979,5.514076963177182,5.00320043765766,4.015108152569441,4.393506821603234,7.193210525056753,8.164216190535805,3.8472657777818866,2.425932004043156,5.241758610361795,6.04548346320946,4.707232176964117,6.281877403611237,6.995125338458598,4.070023378020614,6.457386726434317,7.84911810916224
YJR059W,6.942827666647718,4.4805560593681255,8.30211736931502,6.3607895476476175,6.266414808858267,8.772602923486478,4.69969997693376,6.425101415641633,8.033298335290812,3.181863823816368,5.019958926283604,5.145346162177117,4.395278668355031,10.7277855193706,7.4946785365627075,5.277075982466691,5.0194817731525205,6.423954094007511,3.9352737346795883,5.223637067095046,5.065386328501322,4.961896769520756,6.156939194499282,7.2429365411718045,5.673074256927477,5.069549360793096,3.96025406579056,4.9958371183874215,7.23132539761488,8.323439665834384,4.637294417008049,3.3405395073713104,5.225071135884825,6.471648084009018,5.037316445510532,5.934088660004276,7.2072291644054225,4.4146713882028426,6.279287621046993,7.683715531633777
YJR066W,6.9022820583832525,4.292851656643931,8.015681051209757,6.668614600193392,6.449615530810419,8.657095847657306,5.065132833259825,5.922307178793187,8.210562329566164,4.246031146277423,5.351603706406322,5.672550405200732,4.436332969881117,10.856455841140605,7.181780917501937,5.814123174582539,5.169916729806992,6.407104307965412,3.3232678888264355,4.875436954242768,4.883219091808176,5.231958117613742,6.146130794604495,7.022356443020701,5.493734123773971,4.8785358651634185,4.342264022173704,4.824339462885408,7.1107169971428394,7.984795843029321,4.572517893997283,3.3967745469508053,5.060127789471783,6.441100343309874,5.047205198140259,5.786315248929322,6.9707498159998815,4.4336086221702224,6.634494423596728,7.961195038211104
YKL025C,6.9280319482639765,3.44208756995592,8.605280878804232,6.497921060596818,5.384216933785505,8.937815756288732,5.200570592895123,6.203405734569403,8.246225219623987,3.311022630359864,4.941949993301481,5.166749602283676,4.355542072536026,10.217656521660484,7.388912610110133,3.5820509601299197,5.352274214733205,6.964211943707608,2.312717264494452,5.447052906965752,4.892999842237059,3.9866847505498657,5.903587969373912,6.722924957323168,5.488236261124016,5.174695633068604,3.795951760801476,4.341004349649373,6.938464947120752,8.59002286713823,3.06000954626362,3.7317008850533933,4.76145421873938,6.297514206992274,5.0072155184091685,6.004953736021775,6.802258892420447,4.351704698641513,6.603350553208054,7.456346930745816
YKL101W,7.432442599237951,4.4462790383505135,8.24104645323841,6.132142777053272,3.462178054094512,8.385108244298156,4.7486409806135566,5.8249420134501095,8.152789961226889,4.310102146887628,4.119860571870117,5.106357395174983,4.769742423367338,10.603374366915032,8.027577198200131,4.95322291654716,4.606302051419623,6.265038463936572,3.1251150555588736,4.517455624699156,4.912741482493791,5.050302783202,6.262422206457055,6.3309082776843795,5.056044334784317,5.51490774994274,4.055408370008927,4.692153824011359,7.287717536220888,8.560696865331147,4.638701830164238,3.5939577527886235,5.275651457940906,6.796520837275318,4.549772281080571,5.569138032235158,6.8425646873061465,4.646891503349247,6.65029966593756,6.8608170851691925
YKL116C,6.542804171783367,4.812010007751233,8.599938711646733,6.986491262867287,7.119576734765992,8.835471368571637,4.680688543915308,5.878750391386348,8.023884018214263,3.635712605802844,4.610216240361865,5.4957892553436745,4.518463252543606,10.73454158012852,7.190500178120901,4.911444484712182,5.5146022065090134,6.124972482775822,4.2347051229802135,4.479443582527128,4.817144278157351,5.200584789826773,6.3377065785045525,7.14031963468798,5.776572050366688,4.741329066433671,4.946713780023726,3.658475172739183,7.058543385571192,8.161958149360888,4.4901989104246525,4.141768922676001,5.361214269361041,5.703863854745434,5.217031725125938,5.275701209587695,6.9163884175708334,4.292897134720558,6.163073940142918,7.655303000800685
YKL126W,6.7233835698287425,4.992412690150505,8.746727351451634,6.980702118614483,6.848525503458222,8.619028685814904,4.354007172207973,5.8748741428943445,7.996334406543933,2.6411716308674302,5.006607236031616,5.866328105869992,4.774767130973944,10.920245656866024,6.545342432617376,4.723205097260929,5.6244457720199215,6.0797771001777825,4.421863709895155,3.9066910284131766,4.376805792094103,5.320829781583439,5.988804570355438,6.949919927411128,5.592760790658375,5.583214197699295,4.856270853937223,3.5719337339602624,6.92039262806421,8.680410109117709,4.515652370041102,4.284135254947389,5.367865348929199,5.397902770262876,5.273488684803287,5.414512806482635,6.833571423579956,4.441762323219268,6.429707369644783,7.623779588443682
YKL161C,5.983958887798884,5.1702070966492375,8.343574821331485,6.936291281664888,6.983952937379165,8.850643595597191,4.552926155517693,5.737535740365952,8.113271809294424,2.806257283457829,5.063175016796122,5.455742282511702,4.665124198129715,10.98014091594275,6.7825912915538575,5.412423741936254,5.377730097960382,6.219395428808224,4.3138790443970265,3.731892231071768,4.496501500551274,4.900770176081583,6.102528489010407,6.9080172739698575,5.694252891326598,4.649424229274921,4.7522104715702715,4.243049482804653,6.9506904279690485,8.517245483585226,4.388408796934576,4.304051071914997,4.7957857464026015,5.302221845475928,5.358797585392256,5.414172441256379,6.955193249749389,4.365793698069365,6.182806438069083,7.640007671747775
YKL166C,6.643052232654876,4.031856268880135,8.356205771941081,6.713960820028903,6.786322536463626,8.82510946184535,4.457801002846028,5.966622924127361,8.14084984310187,3.4920435835499437,5.011312127375363,5.546527939833499,3.8739611299301497,10.719162125093183,6.650384081637522,5.087782562391579,5.2208818792450105,5.851452611176418,4.243294505431214,4.672615031933868,3.9159155388772944,5.0215764306941395,6.1310423707170125,6.928713337520847,5.5677295427560525,4.85530429690833,4.29589991215021,3.390041904502853,6.932702074726162,8.337493055980529,4.2872513996783885,4.0628977978130045,5.11905675795861,5.675580531942232,5.116517057760055,5.623234443514448,7.014401749982103,3.8257603258033286,6.317601864700228,7.500728374577771
YKL168C,7.190387336767133,4.083859687320847,8.489992524763906,6.468724292429322,6.280410899663812,8.473913780152728,4.664658127264151,6.218223287267778,8.12903511571396,3.3833676746668218,5.4976524862269045,5.3204516049019865,5.117386194653677,10.55965040096255,7.666248822739017,4.9254718979915415,5.0545402813696665,6.162178323378588,4.056153135237095,5.10732925933545,5.339006360764987,4.7557236642598495,6.213408422693287,7.155064041359831,5.608437140943347,4.7534520866185,4.3146946688189045,4.381154899123529,7.097111343509443,8.217220623429794,4.180139137318747,2.4619539467736877,4.915827125557635,6.1651132046907104,4.645303214385042,6.400744581573262,6.6750028027409885,4.212922059866268,6.309045938473374,7.800383327569162
YKL171W,7.062559309216847,4.132536243113439,8.409605474231206,6.549137631665182,6.356657236653673,8.695205539837147,4.319690619224977,6.010051410249045,8.036799896371235,3.260901543411977,4.851701199884116,5.401107353098348,4.340622585833696,10.564873779315015,7.838729037374782,5.0331219051140215,5.095284672369045,6.245906643334372,4.160061944051405,4.889524784633139,5.171076956545003,4.935039645312045,6.06075688585581,7.091630599682982,5.608941911892325,4.762381622901686,4.195815545919976,4.666433972101676,7.222472187785661,8.218609460195646,4.213036136292786,3.448873809094807,4.88813290971579,6.0963858415410375,4.71852341242416,6.244794741923525,6.877654676645068,4.289514972381738,6.3845327390920925,7.879394103873434
YKL198C,6.944902463591343,4.129826095831272,8.546318812074022,6.610559906826332,6.461910384804478,8.432061931236234,4.501205618720455,5.9833033395366035,7.983422803203527,4.136971963762655,4.758542769552044,5.252280546726249,4.736440091157137,10.474032313028426,7.692685327466532,5.282721987779611,5.0440089403259005,6.1326469122899345,4.087031310484889,4.3133896420052125,4.609634006590161,4.740510318949654,6.085504466409265,7.146579528380617,5.4731672751369524,4.959694626868688,4.029470571871169,4.274137393697582,7.302245614867836,8.139715389000504,4.4823082181559535,3.616216553167512,5.0817099780363115,6.5273170962862626,4.897641020992127,5.484418825638441,7.112179815217075,4.464035279350788,6.4206727700088075,7.726351601067896
YLL019C,6.787902049814639,3.823454664612084,8.444840252650568,6.560790756010928,5.50655207480789,8.481831888259983,5.1798704762830665,6.103117460561393,7.884366726304981,4.057066273377582,5.253020130058665,5.3403012232171285,4.8440966771335825,10.872382093969195,7.4292072087693075,4.3575097452987785,4.986652528690091,7.0527679521779385,3.023401534493878,4.1237201827424075,4.52704496395398,4.845979638645081,6.1026728697980595,6.619656416640196,5.360873882818791,5.4231711302480585,4.1361924030670325,4.037189703672145,7.124488117291506,8.426147393832457,4.102343317627219,3.7345528713653713,4.901309713567285,6.509244410281906,4.728046535407526,4.913660643524042,6.6692735965606165,4.7787568315957065,6.596465520985259,7.544092187291459
YLR096W,6.7422230165611685,4.335425708568554,8.523580891178959,6.593553139384707,6.505583561886058,8.630659861335294,4.744684591375237,6.624989941049187,8.40725929229783,3.9238349621622737,4.77738138042193,6.268527472922258,4.838218385839671,10.50297364434333,7.161610420872407,4.971165382099327,5.225379903988352,6.0217222972870985,3.9841112612808054,4.1921811300947605,4.6635513607026065,4.860427222225843,6.167815297694948,6.735132050145838,5.435597528904121,5.23797633496074,4.199763964745232,4.238773967869856,6.929628118846095,8.316881350486886,4.459057273439745,4.063721856787713,5.064044201024707,6.574132854092243,5.353559727302604,5.225215320803885,6.908936514892536,4.590437213663646,6.186996065460683,7.423267516250577
YLR113W,6.694984772339756,4.4906814796929995,8.565600061594145,6.380856914046426,6.4494648046723455,8.64477056633805,4.595260765096347,6.599210409760199,8.25482369083797,5.826726769382839,5.110618930875189,6.091389404966764,4.7659928019303015,10.593958006642797,6.943574090557934,5.271755181340043,4.87603606431637,6.239808114059873,3.7093161144521587,3.837117482086491,4.626272590540832,4.6496936436873435,6.0880457110184825,7.269466540284418,5.6041027410143744,5.514834616184351,4.56881340787492,4.050119989344792,6.920846604525233,8.401652237781969,4.517486700694802,4.065629333758897,4.9776340291190895,6.648512784496718,5.48863235989054,5.727569409958208,7.127649006991616,4.776435351631947,6.355394750839128,7.7387068971087265
YLR248W,7.212640713736542,4.853929016688549,8.41604787313334,6.557366249734744,6.525521194697605,8.67997719137807,4.732019652095024,6.069899080023317,8.029389886440036,3.7105823099399737,4.848230310544989,5.381648492553348,4.107675443270618,10.69497635657588,7.4964329157631076,4.915327202989946,5.2472023455525365,6.385434653774798,4.237813302013297,5.0415566711492685,5.16163869642096,4.435874737001175,6.129821012665065,7.110298222442758,5.568597636091766,4.889551356689416,4.329292683275821,4.245118586956263,7.069029006515727,8.083951042991076,4.042700276328594,2.9164199555507277,4.982402030510653,6.134041843997068,4.624514067846481,6.272495310799119,6.9848043793045225,4.477744778374129,6.433817037894462,7.912598962422218
YLR362W,7.302560035367527,4.325179277776705,8.321109027935611,6.54861297209949,6.324507315715275,8.478194244515278,4.84713912803008,6.11385687305025,8.063593212385074,3.494671195604366,5.118313977096872,5.543061969993851,4.243242205922494,10.675818936662784,7.625715295463978,5.1895170638498485,5.2436161390902685,6.282846775578535,3.973249840083012,5.075770738299712,5.1760159531245495,4.761679155583709,6.006623569615995,7.008744850317656,5.5971772551181305,5.007307753175897,4.262405685006256,4.6755087945041085,7.233838991970101,8.12153120015784,4.250189125987581,3.360154019227421,5.050062483810514,6.059164204143182,4.46666093497494,6.224611674152611,6.970975666132038,4.478495270607908,6.5040299751414645,7.792904286285462
YMR104C,6.644841282381999,3.441079417171944,8.344207329973438,6.404487155124657,6.2062745014702605,8.719589631526826,4.663816360683428,6.048301087985983,8.296698695457621,3.8969791270570284,5.294527420926858,5.4158519057894585,5.098182067813705,10.543855901845804,7.59355807276004,5.651900013255322,5.0374071636842634,6.287137128599486,3.6107426530678666,4.967049349500654,5.026139650848228,3.8228565650385895,5.9136686296813,6.882463569816072,5.4405522119950795,4.694674514267739,4.490805729932738,4.674628102948214,7.063707218542638,8.191832512139975,4.460658848636466,3.659910809837084,4.1607088526810525,6.573566576857313,4.705070359237339,5.978749857526003,7.038501625407992,4.4735672147350005,6.228419617999631,7.684109801647144
YMR139W,7.034471837943872,3.952991537531033,8.393387441326913,6.095986422363932,4.7212976690173845,8.467032146502966,4.517510888913291,6.0734885199968645,7.967399611069037,3.046715108119706,6.288886119208818,4.916366547844351,4.7254295971644495,10.66277438525848,7.817771983136329,5.3146892965004815,4.616525889802687,6.479837721674997,3.3571359972379664,4.370160987251761,4.693565912366107,5.029794825343297,6.123974390900477,6.218427442898122,5.1424454084627955,5.348712869538566,4.124227388558835,4.395781623051507,7.3256581164041625,8.581855222057175,4.476566857268328,3.7414489241822912,5.248212026942088,6.709699646094701,4.060335024413432,5.079331234899093,6.713720812270927,4.716773689011699,6.409667448407595,7.226884260965419
YMR216C,6.345335135970969,4.324210660809247,8.607449166306537,6.645871083666295,6.547836174618263,8.725468551787591,4.718320102009181,6.259667830318843,8.664438126792069,3.586330820447661,4.9894875411994,4.5232172810709335,4.464522858772599,10.577400289563695,6.728790559912796,4.411037342596822,5.387127936766233,5.8814563510938696,4.043451095509998,4.574017426830316,4.684865359547085,4.023569246921655,6.188869475876527,7.129416038314289,5.620948895687258,5.035354232084074,4.663145052498058,4.410179238238784,7.02326830177951,8.313100910040879,3.215731667782594,4.146816336033963,5.036892016087531,6.342644341172451,5.38742866813304,5.540919415889672,6.992737364509032,4.746728584555592,6.458072973946942,7.600679723905905
YMR291W,6.645904496912602,4.275956827011028,8.584073706996207,6.558005580200026,6.548511952100758,8.791001087437321,4.692841528825352,6.302674313887135,8.30247549277822,3.8801200594331737,5.4513129546097865,5.940221929893968,4.600749315351545,10.421640904229411,6.999618753585465,4.591341332993856,5.186503294823497,5.941852329728931,4.1167765813401065,3.8741081810575904,4.514176911177163,4.673312643928202,6.110113002926003,6.989913341874744,5.479611891146276,5.21873792337056,4.189501661178944,4.147599427114515,7.117930424330673,8.283724123674155,4.192717631559893,4.142963936036992,4.627451037972143,6.444965488397819,5.183510745555052,5.016954465702479,6.9619961575085565,4.578382938784761,6.104484028590965,7.604784941159745
YNL020C,6.498297798507362,3.899520053271004,8.67443030670999,6.6163643591655985,6.675204735432639,8.766257532272084,4.5614703333726885,6.291638663772246,8.138813408754652,3.9805728068848256,5.0583331915071215,5.1137194922362985,4.717156552200149,10.429088754227225,7.350782413681594,5.032838160511144,5.280867288723753,6.005212921157466,4.1642346323441055,4.271031204408346,4.733501478538393,4.0320073420689715,6.0316514187799575,7.080371594534428,5.49959943640116,5.348287713516769,4.424325780178132,3.7676640224463767,7.150672812025246,8.38905642109754,4.496677384744178,4.216076550192545,4.813838030987187,6.711950825476046,4.998653024405689,4.974189276669413,6.788561456185423,4.445191459038834,6.263436679227643,7.742352407611902
YNL154C,6.856765791547593,4.987407660260216,7.992154453186936,6.8963084212860535,6.848794286660242,8.573909042815218,4.903789546042637,6.243518645949793,7.960903991087528,4.316487364582244,4.854930590093292,5.338744828920603,5.236155740280358,11.04146031811274,7.213088881619867,4.895285830521129,5.646291363021165,5.790158396504836,3.728138111743687,4.860680684227165,5.185869476585612,5.292541687955578,6.485391962670929,7.0488786878966705,5.901129297919952,4.897021585647634,4.496949415703203,5.0622086196045,7.0205465900082125,8.007567281177153,4.658002679281493,3.282574390158256,5.250732243823871,6.369509471832662,4.974479366648717,6.074153986524929,7.3920527864005985,4.187314532232899,6.47765109949245,7.8753499943228045
YNL183C,6.638122904386092,4.265014461058136,8.558965093332704,6.578549794841335,6.461884279987059,8.050593762819123,4.645387946609065,5.691426557344585,7.609566398248637,4.427360091016318,5.812207028222033,5.23634359161411,4.700101511263892,10.63016410275781,6.965253853089592,5.7436304165129854,5.391472258939484,6.14696617645121,3.7681915538392063,4.457554944350534,4.484675922998205,4.298567424931916,6.719958540903575,7.082841057282901,5.509030046075631,5.332450533933296,4.2998641632794365,4.522758339739832,7.1264179846381035,8.344961963896338,4.7096972916042565,3.69296733420834,5.155625279906497,6.27738800229318,5.191112951300488,5.303172955671326,7.044237556213501,4.7486353814372775,6.667877194895666,7.891089462632727
YNL298W,6.551837594392188,3.4296217427613427,8.666100591627153,6.6582143148573225,6.0268110793921865,8.927015127656917,5.139778022477278,6.396621177352452,8.078825217681981,2.7793170440137205,4.214365758003773,4.418554316254098,4.630723561375795,10.518977127983062,6.792108483492124,3.8002001534787873,5.4491492009749125,5.840934382749121,3.098027373862465,4.625783086274882,4.730582297063986,2.856794924137237,6.023113328793696,6.887188037281015,5.694403685279172,5.486008439199369,3.9498680813941283,3.6723766783240186,7.104406198211174,8.458151388622023,2.9345200671023846,3.715241175671829,4.604171565971007,6.241711622572409,5.125068531408185,5.3839057892054445,6.840621783593862,3.9157215494760953,6.524169911272643,7.737917626883154
YNL307C,6.651238736475768,4.118351834903902,8.292947358831894,6.653893815715997,5.8154978561864485,8.256024076003039,5.114232203255849,5.94141032882899,8.080039228303274,4.286045625962785,5.787435195635275,5.345787517446533,4.504057447395167,11.085022956497363,7.840120629495965,4.998642902589025,5.191175948371651,5.943781366256948,2.5015476028195143,4.689679449261416,4.875641170941019,5.036487284719957,6.111445130448607,6.488070554260746,5.499792592535616,5.116478898766442,4.013533595384212,4.512162833495976,7.01164481966138,8.367347117998762,4.378765279159149,3.4072378430078083,5.070927327418349,6.554834056535636,5.147929054122713,6.0126933501730075,6.768014663957423,4.958130027513351,6.853984311252719,7.560711615498272
YNR031C,7.015370677178893,3.7909624230246615,8.344981934776778,5.982298950014626,4.4845000165360265,8.502414176783407,4.7089942118597765,6.323618713572314,8.127565603558747,4.610674794518497,5.555998498793668,5.58727968425109,4.734441182846372,10.264213286439496,8.187097162941411,5.182386994262325,4.535540882212964,6.094429948426652,1.5813603059530013,4.098209018736155,5.002744826412443,5.347278697904357,6.0897406723675624,6.184663417655528,4.8058139812900125,5.406648118839106,4.186989898191489,4.577078699901351,7.1108093331345055,8.737616678023407,4.597199853578282,3.8268815813124535,5.488930415161253,6.832992501925392,4.236239010640777,5.4418460630689385,6.9626513066472455,4.7815530005345925,6.579139695384913,7.227474422449296
YNR047W,7.245295475589002,3.555084918475873,8.589390811130986,6.2443115885594285,5.585045515067447,8.489996336680818,4.786947014590362,6.086032500056912,7.806327783525555,3.621662535642183,6.171984050100166,4.815794010731391,4.73752756488261,10.459009153296963,7.647275517806571,4.922276504562957,5.0627719490982255,6.612220271892798,3.4958945687194283,5.152707145632866,4.949975551887781,4.29164114197413,5.847683397293924,6.720815400916625,5.549278686700959,4.980363053143396,4.152471207090221,4.660670058150771,7.270563965543072,8.472484560915625,4.642152383285663,3.1064335273571366,5.1640131600428445,6.479445610489522,4.434750894284724,6.202637016961369,6.734314980792261,4.965196293940575,6.591947299067402,7.7004550650295425
YOL016C,7.260109492420412,4.1979264257826605,8.604310356251618,6.35876051200691,6.208925419308318,8.324944003708666,4.4176172963255045,6.050770555499607,8.231846947479298,3.967630164350254,5.217638338709604,5.394938921846008,4.407249716849887,10.203644220505184,7.727891585420733,5.254693155052415,4.979624396567997,6.154365290540385,3.784404123667896,4.8010087123749665,4.537985579290086,4.671802368472905,6.135366555110324,6.978532394981886,5.526293488152295,4.869061178633313,4.345467210433757,4.6688239003190235,7.091670489363388,8.201139748773949,4.362950264830344,3.219863056104137,4.979269276927357,6.539078853271063,4.5635323037284765,6.0523475551268,7.0683108939584125,4.287483738068596,6.3734869104466,7.61849595264788
YOL045W,7.285838904292077,3.8147946901695966,8.38812203496874,6.292865520103186,6.2639244353609485,8.506846827188562,4.702544374717925,5.897341663673908,8.097151565686909,3.301737308465408,5.153003844287842,5.360379600702158,4.567024714437165,10.746226982745087,7.070810666752398,5.066771037300767,5.054008551679872,6.066861344545357,4.013432601691696,5.101729946028759,5.186925838049647,4.66723765626112,6.208293219803353,7.1066969282240215,5.596858899581886,4.883826097646191,4.342079260474272,4.820557351731256,7.30217305722981,8.182070619543673,3.821120141129122,3.264124551674483,5.115579328210376,6.384007687195138,4.289852306423198,6.320509043136999,7.049741267119023,4.4013636497269095,6.422381311638364,7.598839222311843
YOL113W,7.1377018894905975,4.212931888766748,8.529391332301762,6.483393093213672,6.169746723127798,8.371740436366572,4.510560466674543,5.966606968483723,8.191620551513388,4.43670642115103,5.016549949095861,5.475232862637366,4.360143727804432,10.413335076893214,7.541827298867732,5.105700631709107,4.955940482224492,6.0771942451946535,3.908673717234488,4.592701676426123,4.732383196242555,4.789754959081217,6.096177431940905,6.9873917189622095,5.508948877684948,4.7963055948752364,4.481053869155253,4.407073597259688,7.194391670698812,8.214776303345028,4.3051716980899455,3.7791318732118655,5.022255115614449,6.467837243954485,4.804369925967869,5.727970711634892,7.021285395655644,4.310526467715105,6.216378070796606,7.653582332522967
YOL128C,7.011398818012657,4.717854821846334,8.166334545316559,6.311608448146933,5.819239137962217,8.610040947382151,4.420224420596542,6.1384762007877,8.1345828456172,4.258523228869161,4.913509477016551,5.2876168463106215,4.203233951889017,10.599141628318954,7.696621841824395,5.570162988937309,4.876997802064264,6.092465212453204,3.7664208217352613,4.5658500405638325,5.21519376396926,4.8718923349502194,6.239010552629862,6.954508373498548,5.428456750820147,4.609463988493434,4.352087589340725,4.7775945577015495,7.432603115597358,8.058921260998469,4.492704646764269,3.6195182399032895,5.374048802421149,6.523824518875947,4.477829778989162,5.890072507522624,7.019508428752087,4.2378376764006855,6.481353872852532,7.540217593107798
YOR061W,6.898853464814524,3.436647492923364,8.350660256588219,6.1300170806935785,5.51016102716404,8.609447133891921,4.8328833807006415,6.647409225568391,7.974271091476289,2.7563443084436168,6.0101760975518825,5.606061509026611,3.9307014900592967,9.865551236359043,7.684245104413602,4.734461098225118,4.7859229287504,5.737908405204912,3.83771865368237,4.784768490995068,4.9886387684750995,4.438765848201998,5.8227091628190175,6.433275800836882,5.143549172662105,4.557799922035144,4.273757009734362,4.581624939148226,7.316639542382494,8.424729409512311,3.941151659222092,3.694034863195773,5.0424134267685385,6.295899769019494,4.670014777961813,6.0372031580399925,7.075697037837348,4.838540328227868,6.1503909888693835,7.020107216293956
YOR231W,6.6679495926128105,4.872349504385444,8.398834400014325,7.14131599524274,6.2671344604580135,7.970899980008925,5.515467656550936,5.608378735632192,8.460609423921367,3.495417022298308,6.167276121135093,6.477010073488278,3.971905078562495,11.172459473398797,6.516435622916508,4.461782466342077,5.400195469141361,6.597940060431008,4.367185986944444,4.2261979726665135,5.368990202733584,5.8375553024782025,6.29730066022954,6.859791657625222,5.516136487511638,5.163430702293329,4.464747264180232,3.0434941791730465,6.882366884740232,9.189905060375516,4.990346260855187,4.384680401887636,5.741028243963765,6.232844084274187,5.171098054944786,4.718085034613124,7.031585185115971,4.211499252245827,6.543794688430697,7.731227214957602
YOR233W,6.018577064677763,5.311104859979689,8.228709913510883,7.129993330883117,7.008263126295117,8.800028705360539,4.6586684120025526,5.985411558655603,8.063314294299808,3.5994455393119966,5.27840680160052,5.672345269511283,4.061748324897808,11.125835652475297,6.832138485595998,5.646496295331647,5.648263913131374,6.542263336562692,4.66372501723812,3.3902273164701535,4.236862097839461,5.402910673900634,5.9865077130131485,6.904376377044102,5.597994086269195,4.9125073053818085,4.8773602420880415,3.887218693671087,6.763092349334231,8.496736105686418,4.499587245782405,4.290076829871468,5.236138906786256,5.2813343704800335,5.376223594613295,5.246350379413025,6.789105147081168,4.362225352960598,6.442663447278974,7.7201112728814785
YOR267C,6.642704748040277,4.3728239340632715,8.438474519222822,6.328665480555518,6.042272803634175,8.85289199936043,4.883275514996127,6.250473239583098,8.610613671048057,3.135096519347435,5.337414739116877,5.694914788543185,4.3469518411562245,10.094527264753538,7.743901537115735,5.120085129914811,4.8193287061196255,6.0155886865794805,3.1238161583444306,4.8122296982570045,4.9615387832694315,4.4924466117507285,6.048771488134062,6.944096689418111,5.589235123961169,5.00991548779988,4.353722863324659,4.5794402518795465,6.938426034272325,8.385895307218721,4.338266523358584,3.4507899744012662,4.696187929327489,6.735973409173818,4.801858995456444,5.91388478297812,6.922553890258667,4.7484512473982505,6.411289140923379,7.816994325456653
YOR351C,7.137757446631291,4.182178114118743,8.072368900378324,6.758799250194699,6.774655934476923,8.84185571434847,3.019280043280611,6.417032454780183,7.614486328536885,3.2658268343627945,4.990956585608419,5.066184800437343,5.1017981454955805,10.756551966251813,6.607468683097043,4.7225475898876255,5.4713186004476535,5.966834610792192,3.4615237899054208,5.0683156641988285,5.6700031897498455,5.419058956202196,6.6497549850546696,7.163700550161956,5.633183877293877,4.879335625109508,4.399514102948669,5.562103967485217,8.310964616156085,7.668139791373483,4.67273103811537,3.1356224685022607,5.71369064447553,6.025467934130008,4.0954554367265885,5.965293215763545,7.4694404134166525,3.865144040038471,6.468714377027447,7.8114162204879225
YPL026C,7.091918816712166,4.502127546662608,8.50738505726822,6.346350890144626,6.048225769325687,8.367541508439329,4.408191366207026,5.867938721468911,8.22075538487314,4.210988110111616,5.6228794222399525,5.399946047268667,4.237948818753873,10.461294346395613,7.715416314665475,5.080340595079539,4.785774502532108,6.1699557507713685,4.106582431340866,4.688787437365665,4.936380348828777,4.977099890374698,6.181424041488253,6.610677197887063,5.3841034408874835,4.413088746927143,4.301776884077373,4.708394331514133,7.34187793086646,8.117462696293178,4.463844924033215,3.4961195129860703,5.2578529237968565,6.450204212087519,4.562332076086991,5.912743315225884,7.109091096432513,4.125342675167804,6.315217450248053,7.579977818236214
YPL042C,6.539718083523684,3.496361347714944,8.363998922549778,6.670094848668088,6.4114874295608475,8.704648936563716,4.685954689888663,6.208424457896223,7.914699623847272,3.6831107393315903,4.727319168912022,4.612856930412962,4.7404565217226375,10.395504344379995,6.9370277124517274,4.213854486139689,4.991316614114,6.598357688329918,3.4529402859273826,4.627753395342115,4.768699879430164,3.9400528269668857,6.2904858280208655,6.711298254551675,5.66253328574998,4.897355420763695,4.173046529992591,3.5427458115607413,7.0650658810322415,8.256493547881979,3.0304094817162452,3.802776788362528,4.850166033867459,6.428619962335179,5.301737319427138,5.2074505529459145,6.7611148223433375,4.3491346510444435,6.459215976791623,7.487968065785313
YPL140C,6.499350309448043,4.3051705982550335,8.411440031063742,6.548483328236781,6.411556606270772,8.51817059669539,4.895153981216732,6.1950986499516425,8.129680379900504,3.7808869606875497,5.140861006529422,5.9166970657179165,4.391145194919034,10.833574275985923,7.061672601018491,5.776431944051549,4.94852083382814,6.1654134549618025,3.6275576226413695,4.235391795299817,4.5182030571298535,5.097091976810697,6.080326720309353,6.713715687961424,5.365250759403644,4.912678723482093,4.348266465713282,4.505375235179769,7.090793594726508,8.231216080442858,4.515171861983932,3.8279497998616336,5.0412629108331055,6.3960226388541885,5.044176184180484,5.199272298427947,6.75315082972786,4.6495502204794805,6.439615118451407,7.8155897631655025
YPL141C,6.214732338553084,4.313636987334744,8.218784288392044,6.630470683510947,6.2037730618034095,8.662493496299737,5.003739658311983,5.7739804103748025,8.393221557297162,4.3583843464125565,5.5671501363829625,5.7914772172700975,3.700935056828103,10.70469346653718,7.802137626145107,6.068136156297225,4.844842011128164,6.401812690297736,3.7062019630518885,4.710235282132016,4.802052053068909,5.048309018579381,6.18397739004322,7.012359401345785,5.469686247436775,4.149706310064636,4.503450581720873,4.4076700381743805,6.703018360052103,8.206759998299678,4.337723605989455,2.990075186030792,4.903154485023238,6.521047425949408,4.964410138473035,5.948822435346368,6.778283331496056,4.4240474225250495,6.6409492588474,8.110040105413526
YPL150W,6.523769926881754,4.1890401812960665,8.281297421586348,6.7233845850512814,5.446377743670921,8.64795230723604,5.00754942747087,5.644716294326347,8.271121923580091,4.013619569253004,5.060050527798127,5.170759459212449,4.260343166740372,11.149480531939062,7.450989622360747,5.0736815476886905,5.055054877875796,6.988964062702569,2.129362688886586,4.183102822768721,4.823577236073222,4.305590325145043,6.117583467228077,6.406616478259188,5.391834496105069,4.845945523407736,4.204207603460533,4.153735271515071,6.920371329873973,8.347920842103703,3.765459400708397,3.4960606842903688,4.92316156044315,6.596143410208173,5.054608969271535,5.54759907843706,6.8166340877139975,4.5975102624858915,6.730081961178146,7.652281630269925
YPL203W,6.714710959034562,3.7415326556293667,8.510137228790176,5.944685743289297,5.113662126451118,8.490641775440904,5.09380640532788,5.661703066941452,7.991567210336827,3.8111831294873966,5.883425643859036,6.148526937303963,4.732222499894906,10.171124879651464,7.830303332061537,4.853535177117774,4.905681578652618,7.123052177117282,2.6759220742315555,4.759762609571993,4.693348862683884,4.930678640252503,6.072204504374249,6.136817995714465,5.137627602069831,5.259569021452792,4.2454020182761125,4.2129831952396115,7.4875757260640015,8.552459788624773,4.3808321707592,3.6539520236703096,5.181815101824973,6.536957208509975,4.759167273258816,5.322494352783638,6.802437574662948,4.873537264228291,6.617041566964108,7.37011081193736
YPL236C,6.96705616866746,4.1792762804407575,8.713059438332797,6.270466523955228,6.088646975180707,8.425941504899923,4.334951934678837,6.005176749835483,8.193290445733364,3.6180176147941436,5.382117344773389,5.710075729964485,4.506339822952878,10.653520013590171,7.601634506175463,5.2887343032638165,4.797445382190821,6.095235040738308,4.110526625526898,5.087051100346338,4.953258008768418,4.517629580870707,6.161332518672436,7.060289814601092,5.49874630675859,4.49192739019197,4.346944394193647,4.367827930415862,7.158093031844852,8.343737984847952,3.8069864788410186,2.816600770991773,4.9654417714601795,6.285659922482295,4.424187263567512,6.323835555689138,6.84308837433225,4.409827075435433,6.176081915788026,7.84823071486564
YPR106W,6.614228068731352,5.100118979681437,8.657402159202018,7.056935114578764,6.911241425075658,8.671573692530577,4.341156627539061,6.085009366258796,8.147708739269238,2.7253564484925006,5.051645236510316,5.986357434091651,4.450615528758639,11.054293778800668,6.663627192077753,5.158011484982034,5.613632967984534,6.188469094944441,4.405824088194242,3.4511298542182214,4.2886810187556454,5.6495300265232995,6.0671896279674105,7.0987226096812535,5.5495801292220435,5.052785435513964,5.084457570899267,3.4645745726690507,6.8413766780171965,8.627459320829075,4.407324149751375,4.3688426608237165,5.3970483093283415,5.52013846181258,5.294262977048891,5.33305578115709,6.9267175563783,4.227001058113658,6.2718197537186935,7.651782721684184
YPR111W,7.427361274282348,4.6005724074176175,8.457730250869643,6.49541807660679,6.283755872687992,8.42009945363416,4.798120151111236,6.10904627615496,7.944563122140252,3.9565456770638834,4.791732626167391,5.71184394438067,4.299401263653603,10.578449604265645,7.725285882392336,4.863177342577214,5.237006756036073,6.308041837732753,3.911289790597024,5.088543977555175,5.024291545463607,5.1647952649293964,6.11239466765519,7.101580886156799,5.595053096470183,4.8921687283775706,4.188740555762801,4.6021203052866015,7.154162591539593,8.17129579250229,4.312255200642732,3.0783039834190413,4.665318442267824,6.154216934252193,4.553209130966174,6.214255588323391,6.911607889534785,4.314546037200272,6.439677948096992,7.949102644585668
